ID,Title,Date,Link,Category,Scraped At
pub_1771038878755_0,Public Announcement of Corporate Insolvency Resolution Process,19-02-2026,,08-02-2026,2026-02-14T03:14:38.755Z
pub_1771038878755_1,Public Announcement of Voluntary Liquidation Process,06-03-2026,,07-02-2026,2026-02-14T03:14:38.755Z
pub_1771038878756_2,Public Announcement of Corporate Insolvency Resolution Process,18-02-2026,,07-02-2026,2026-02-14T03:14:38.756Z
pub_1771038878756_3,Public Announcement of Corporate Insolvency Resolution Process,20-02-2026,,07-02-2026,2026-02-14T03:14:38.756Z
pub_1771038878756_4,Public Announcement of Corporate Insolvency Resolution Process,18-02-2026,,07-02-2026,2026-02-14T03:14:38.756Z
pub_1771038878756_5,Public Announcement of Corporate Insolvency Resolution Process,19-02-2026,,07-02-2026,2026-02-14T03:14:38.756Z
pub_1771038878756_6,Public Announcement of Corporate Insolvency Resolution Process,20-02-2026,,07-02-2026,2026-02-14T03:14:38.756Z
pub_1771038878756_7,Public Announcement of Corporate Insolvency Resolution Process,17-02-2026,,06-02-2026,2026-02-14T03:14:38.756Z
pub_1771038878756_8,Public Announcement of Corporate Insolvency Resolution Process,12-02-2026,,06-02-2026,2026-02-14T03:14:38.756Z
pub_1771038878756_9,Public Announcement of Liquidation Process,07-03-2026,,06-02-2026,2026-02-14T03:14:38.756Z
pub_1771038878756_10,Public Announcement of Voluntary Liquidation Process,05-03-2026,,06-02-2026,2026-02-14T03:14:38.756Z
pub_1771038878757_11,Public Announcement of Voluntary Liquidation Process,04-03-2026,,05-02-2026,2026-02-14T03:14:38.757Z
pub_1771038878757_12,Public Announcement of Corporate Insolvency Resolution Process,19-02-2026,,05-02-2026,2026-02-14T03:14:38.757Z
pub_1771038878757_13,Public Announcement of Corporate Insolvency Resolution Process,12-02-2026,,05-02-2026,2026-02-14T03:14:38.757Z
pub_1771038878757_14,Public Announcement of Corporate Insolvency Resolution Process,17-02-2026,,05-02-2026,2026-02-14T03:14:38.757Z
pub_1771038878757_15,Public Announcement of Voluntary Liquidation Process,05-03-2026,,05-02-2026,2026-02-14T03:14:38.757Z
pub_1771038878757_16,Public Announcement of Voluntary Liquidation Process,06-03-2026,,05-02-2026,2026-02-14T03:14:38.757Z
pub_1771038878757_17,Public Announcement of Voluntary Liquidation Process,04-03-2026,,05-02-2026,2026-02-14T03:14:38.757Z
pub_1771038878757_18,Public Announcement of Corporate Insolvency Resolution Process,16-02-2026,,04-02-2026,2026-02-14T03:14:38.757Z
pub_1771038878757_19,Public Announcement of Corporate Insolvency Resolution Process,16-02-2026,,04-02-2026,2026-02-14T03:14:38.757Z